"id","page_id","name","message","description","caption","post_type","status_type","likes_count","comments_count","shares_count","love_count","wow_count","haha_count","sad_count","thankful_count","angry_count","link","picture","posted_at"
"86680728811_272953252761568",86680728811,"Chief Justice Roberts Responds to Judicial Ethics Critics","Roberts took the unusual step of devoting the majority of  his annual  report to the issue of judicial ethics.","PAUL J. RICHARDS/AFP/Getty Images Chief Justice John Roberts issued a ringing endorsement Saturday night of his colleagues’ ability to determine when they should step down from a case because of a conflict of interest. “I have complete confidence in the capability of my colleagues to determine when ...","abcnews.go.com","link","shared_story",61,27,12,0,0,0,0,0,0,"http://abcnews.go.com/blogs/headlines/2011/12/chief-justice-roberts-responds-to-judicial-ethics-critics/","https://external.xx.fbcdn.net/safe_image.php?d=AQAPXteeHLT2K7Rb&w=130&h=130&url=http%3A%2F%2Fabcnews.go.com%2Fimages%2FPolitics%2Fgty_chief_justice_john_roberts_jt_111231_wblog.jpg&cfs=1&sx=108&sy=0&sw=269&sh=269","2012-01-01 00:30:26"
"86680728811_273859942672742",86680728811,"With Reservations, Obama Signs Act to Allow Detention of Citizens","Do you agree with the new law?","In his last official act of business in 2011, President Barack Obama signed the National Defense Authorization Act from his vacation rental in Kailua, Hawaii. In a statement, the president said he did so with reservations about key provisions in the law — including a controversial component that wou...","abcnews.go.com","link","shared_story",120,523,171,0,0,0,0,0,0,"http://abcnews.go.com/blogs/politics/2011/12/with-reservations-obama-signs-act-to-allow-detention-of-citizens/","https://external.xx.fbcdn.net/safe_image.php?d=AQB-dNUknp57I-gC&w=112&h=112&url=http%3A%2F%2Fa.abcnews.com%2Fimages%2FPolitics%2Fabc_obama_weekly_111231_wl.jpg&cfs=1&sx=25&sy=0&sw=112&sh=112","2012-01-01 01:08:58"
"86680728811_10150499874478812",86680728811,"Wishes For 2012 to Fall on Times Square","Some pretty cool confetti will rain down on New York City celebrators.","The wishes of thousands of people will flutter down from New York City’s buildings and descend on Times Square when the iconic ball drops tomorrow...","abcnews.go.com","link","published_story",271,31,0,0,0,0,0,0,0,"http://abcnews.go.com/blogs/headlines/2011/12/wishes-for-2012-to-fall-on-times-square/","https://external.xx.fbcdn.net/safe_image.php?d=AQAbTSWm1WlXInTf&w=130&h=130&url=http%3A%2F%2Fabcnews.go.com%2Fimages%2FUS%2Fap_new_years_notes_dm_111230_wblog.jpg&cfs=1","2012-01-01 02:00:37"
"86680728811_244555465618151",86680728811,"Mitt Romney Vows to Veto Dream Act if President","NULL","Eric Gay/AP Photo SIOUX CITY, Iowa – Mitt Romney explicitly stated today that if he is elected president he would veto the Dream Act, legislation that would give permanent residency to some illegal immigrants who met certain criteria, such as having proof that they entered the country before age 16 ...","abcnews.go.com","link","shared_story",140,188,23,0,0,0,0,0,0,"http://abcnews.go.com/blogs/politics/2011/12/mitt-romney-vows-to-veto-dream-act-if-president/","https://external.xx.fbcdn.net/safe_image.php?d=AQDlNqSqBc-j4Me5&w=130&h=130&url=http%3A%2F%2Fabcnews.go.com%2Fimages%2FPolitics%2Fap_mitt_romney_iowa_lemars_lt_111231_wblog.jpg&cfs=1","2012-01-01 02:35:20"
"86680728811_252342804833247",86680728811,"NY Pharmacy Shootout Leaves Suspect, ATF Agent Dead","The pharmacy was held up by a man seeking prescription medication.","A shootout at a suburban New York family pharmacy left a suspected robber and an off-duty federal agent dead in a confused shootout that took place as the robber fled, authorities said. Charlie's Pharmacy in Seaford, Long Island, N.Y. was held up by a man seeking prescription medication this afterno...","abcnews.go.com","link","shared_story",59,51,34,0,0,0,0,0,0,"http://abcnews.go.com/US/ny-pharmacy-shootout-leaves-suspect-atf-agent-dead/story?id=15267287","https://external.xx.fbcdn.net/safe_image.php?d=AQCJcS3Q0a_XjHrZ&w=130&h=130&url=http%3A%2F%2Fa.abcnews.go.com%2Fimages%2FUS%2Fap_charlie_pharmacy_long_island_shooting_lt_111231_me.jpg&cfs=1","2012-01-01 03:36:01"
"86680728811_200661383359612",86680728811,"The World Rings in 2012","NULL","Around the world, countries celebrate the new year.","abcnews.go.com","link","shared_story",498,52,108,0,0,0,0,0,0,"http://abcnews.go.com/International/slideshow/world-rings-2012-15265811","https://external.xx.fbcdn.net/safe_image.php?d=AQCwlWVHT8nOc_TV&w=130&h=130&url=http%3A%2F%2Fa.abcnews.go.com%2Fimages%2FInternational%2Fgty_new_year_australia_sswm12_jt_111231_me.jpg&cfs=1","2012-01-01 04:13:32"
"86680728811_281125741936891",86680728811,"Breaking: Magnitude 7.0 Quake His Japan, No Tsunami Warning","There were no immediate reports of damage or injuries.","A magnitude 7.0 earthquake hits eastern Japan, no danger of a tsunami","abcnews.go.com","link","shared_story",241,225,430,0,0,0,0,0,0,"http://abcnews.go.com/International/wireStory/magnitude-70-quake-japan-tsunami-warning-15267916","NULL","2012-01-01 06:00:22"
"86680728811_10150500662053812",86680728811,"PC, TV Buyers to Collect $553M LCD Settlement","Were you an LCD screen early adopter? A settlement may be headed your way.","Samsung Electronics, Sharp, Epson Imaging Devices, and four other electronics manufacturers based in Asia agreed to a $553 million settlement with...","abcnews.go.com","link","published_story",117,24,0,0,0,0,0,0,0,"http://abcnews.go.com/blogs/business/2011/12/pc-tv-buyers-to-collect-553m-lcd-settlement/","https://external.xx.fbcdn.net/safe_image.php?d=AQCIsWbPTyoRQ0hD&w=130&h=130&url=http%3A%2F%2Fa.abcnews.com%2Fimages%2FSite%2Fabc_default_image_mc.jpg&cfs=1","2012-01-01 14:00:28"
"86680728811_10150500969563812",86680728811,"Coast Guard Passenger-Limit Rule Reflects Americans' Weight Gain","As Americans get bigger, passenger limits are becoming more restrictive.","The average U.S. adult weighs significantly more today than a few decades ago, prompting the U.S. Coast Guard to implement nationwide regulations...","abcnews.go.com","link","published_story",124,96,0,0,0,0,0,0,0,"http://abcnews.go.com/blogs/health/2011/12/30/coast-guard-passenger-limit-rule-reflects-americans-weight-gain/","https://external.xx.fbcdn.net/safe_image.php?d=AQDhl6HdPjtIUV4g&w=130&h=130&url=http%3A%2F%2Fa.abcnews.com%2Fimages%2FGMA%2Fabc_gma_rev_change_111230_wl.jpg&cfs=1","2012-01-01 17:00:30"
"86680728811_10150501303143812",86680728811,"WHO 'Deeply Concerned' By Lab-Created Bird Flu Mutation","Researchers in the Netherlands have manipulated the virus to make it more transmissible among humans, and it could potentially kill millions if released into the public.","The World Health Organization (WHO) says it is “deeply concerned” about researchers creating a more contagious and fatal form of the H5N1 bird flu.","abcnews.go.com","link","published_story",124,232,0,0,0,0,0,0,0,"http://abcnews.go.com/blogs/health/2011/12/30/who-deeply-concerned-by-lab-created-bird-flu-mutation/","https://external.xx.fbcdn.net/safe_image.php?d=AQBlB_-viKEDbsL3&w=130&h=130&url=http%3A%2F%2Fabcnews.go.com%2Fblogs%2Fhealth%2F2011%2F12%2F30%2Fwho-deeply-concerned-by-lab-created-bird-flu-mutation%2Fno_facebook_preview_picture.jpg&cfs=1","2012-01-01 20:00:24"
"86680728811_305275689511038",86680728811,"Dead Birds Fall From Ark. Sky, Again","Happy New Year? Not for These Birds","For the second year in a row, blackbirds fell from the sky in small town.","abcnews.go.com","link","shared_story",225,251,283,0,0,0,0,0,0,"http://abcnews.go.com/US/dead-blackbirds-fall-sky-beebe-arkansas-years-eve/story?id=15269793","https://external.xx.fbcdn.net/safe_image.php?d=AQBXL36Phfjr-k6z&w=130&h=130&url=http%3A%2F%2Fa.abcnews.go.com%2Fimages%2FUS%2Fabc_dead_birds3_jt_120101_me.jpg&cfs=1","2012-01-01 21:16:02"
"86680728811_10150501624593812",86680728811,"Police kill Georgia Woman Who Sent Fake Bomb, Severed Pig's Foot to GOP...","Police say she was shot dead after she took a swipe at an officer with the knife.","Woman's notes charged NY State Sen. Ball, Rep. Peter King with anti-Muslim bias.","abcnews.go.com","link","published_story",117,103,0,0,0,0,0,0,0,"http://abcnews.go.com/US/georgia-woman-shot-police-sending-fake-wmd-package/story?id=15240887","https://external.xx.fbcdn.net/safe_image.php?d=AQBPH4g6LRPDKXNy&w=130&h=130&url=http%3A%2F%2Fabcnews.go.com%2FUS%2Fgeorgia-woman-shot-police-sending-fake-wmd-package%2Fstory%3Fid%3D15240887%252Fno_facebook_preview_picture.jpg&cfs=1","2012-01-01 23:00:37"
"86680728811_10150501873973812",86680728811,"Parents Arrested for Allegedly Posting Photos of Bound Kids on Facebook","One photo depicted a child hanging upside down from exercise equipment.","An Arizona couple has been arrested for allegedly posting photos of their two young children bound by duct tape.","abcnews.go.com","link","published_story",186,319,0,0,0,0,0,0,0,"http://abcnews.go.com/blogs/headlines/2011/12/parents-arrested-for-allegedly-posting-photos-of-bound-kids-on-facebook/","https://external.xx.fbcdn.net/safe_image.php?d=AQAS5CM38LmE4wsu&w=130&h=130&url=http%3A%2F%2Fabcnews.go.com%2Fimages%2FUS%2Fht_kayla_frankie_almuina_nt_111230_wblog.jpg&cfs=1","2012-01-02 02:00:29"
"86680728811_145945585518261",86680728811,"Person of Interest Identified in Park Ranger Killing","Police said they are looking for Benjamin Colton Barnes, in connection with the killing today of Ranger Margaret Anderson.","(The News Tribune, Dean J. Koepfler/AP Photo) The person of interest identified in the killing of a Mount Rainier National Park ranger today is believed to have military experience and survivalist skills, and may have been involved in a shooting earlier in the day that left four wounded in Skyway, W...","abcnews.go.com","link","shared_story",101,52,57,0,0,0,0,0,0,"http://abcnews.go.com/blogs/headlines/2012/01/person-of-interest-identified-in-park-ranger-killing/","https://external.xx.fbcdn.net/safe_image.php?d=AQCZpWo4bhRDh6u7&w=130&h=130&url=http%3A%2F%2Fa.abcnews.go.com%2Fimages%2FUS%2Fap_rainier_120101_wblog.jpg&cfs=1&l","2012-01-02 03:54:54"
"86680728811_10150502770493812",86680728811,"Air Travel Predictions for 2012","What are your predictions for the year ahead?","2012 will be full of ups and downs for air travelers.","abcnews.go.com","link","published_story",118,100,0,0,0,0,0,0,0,"http://abcnews.go.com/Travel/BusinessTravel/top-air-travel-predictions-2012/story?id=15234459#.Tvms03KwXHo","https://external.xx.fbcdn.net/safe_image.php?d=AQDWH2cwIMl0R__d&w=130&h=130&url=http%3A%2F%2Fa.abcnews.go.com%2Fimages%2FTravel%2Fgty_air_travel_jef_111226_me.jpg&cfs=1","2012-01-02 14:00:36"
"86680728811_10150503135498812",86680728811,"Generation X Turns 40 - Will the Slackers Get the Last Laugh?","Turning 40 are the creators of Borat, South Park and even the first electric car.","Gen X'ers are accomplishing stuff, yet America couldn’t care less. So what will be their legacy?","abcnews.go.com","link","published_story",134,51,0,0,0,0,0,0,0,"http://abcnews.go.com/blogs/headlines/2011/12/genration-x-turns-40-will-the-slackers-get-the-last-laugh/","https://external.xx.fbcdn.net/safe_image.php?d=AQD7C8kb0Cybskct&w=130&h=130&url=http%3A%2F%2Fabcnews.go.com%2Fimages%2FUS%2Fgty_jon_hamm_thg_111229_main.jpg&cfs=1","2012-01-02 17:00:48"
"86680728811_10150503526528812",86680728811,"Obama's Record-High Deportations Draw Hispanic Scorn","Fifty-nine percent of Latinos said they disapprove of the president’s approach to removing illegal immigrants.","The record-setting deportation of illegal immigrants under President Obama has drawn scorn from Hispanic Americans, despite recent administration...","abcnews.go.com","link","published_story",152,398,0,0,0,0,0,0,0,"http://abcnews.go.com/blogs/politics/2011/12/obamas-record-high-deportations-draw-hispanic-scorn/","https://external.xx.fbcdn.net/safe_image.php?d=AQBWjD6ntlyRLfhu&w=130&h=130&url=http%3A%2F%2Fabcnews.go.com%2Fblogs%2Fpolitics%2F2011%2F12%2Fobamas-record-high-deportations-draw-hispanic-scorn%2Fno_facebook_preview_picture.jpg&cfs=1","2012-01-02 20:00:37"
"86680728811_208984995857060",86680728811,"LA Arson Suspect Motivated by Deportation?","A 'prime suspect' arrested in a series of 53 blazes in the Los Angeles area told authorities upon his detention, 'I hate America,' according to ABC News sources directly involved in the case.","Police release surveillance video, have 'person of interest' in arson fires.","abcnews.go.com","link","shared_story",136,110,68,0,0,0,0,0,0,"http://abcnews.go.com/US/la-fire-suspect-involved-deportation-dispute-sources/story?id=15272836","https://external.xx.fbcdn.net/safe_image.php?d=AQAGvzzG_AdbxoBD&w=130&h=130&url=http%3A%2F%2Fa.abcnews.go.com%2Fimages%2FUS%2Fap_la_arson_120101_me.jpg&cfs=1","2012-01-02 22:02:42"
"86680728811_293241904056065",86680728811,"Child Obesity Ads: Public Service or Put-Down?","Does this anti-obesity campaign go too far?","Critics say Georgia's obesity campaign sparks fear, not motivation.","abcnews.go.com","link","shared_story",153,388,105,0,0,0,0,0,0,"http://abcnews.go.com/Health/Wellness/stop-sugarcoating-child-obesity-ads-draw-controversy/story?id=15273638","https://external.xx.fbcdn.net/safe_image.php?d=AQA5woDDZ6FeeRaZ&w=116&h=116&url=http%3A%2F%2Fa.abcnews.go.com%2Fimages%2FHealth%2Fht_childhood_obesity_ads_tk_120102_me.jpg&cfs=1&sx=19&sy=0&sw=116&sh=116","2012-01-02 22:05:44"
"86680728811_10150503882818812",86680728811,"Reports of Acid Reflux Symptoms Double, Study Finds","What is giving you heartburn?","Acid reflux rates parallel obesity epidemic, experts say.","abcnews.go.com","link","published_story",124,149,0,0,0,0,0,0,0,"http://abcnews.go.com/Health/Wellness/acid-reflux-rates-parallel-obesity-epidemic/story?id=15240663","https://external.xx.fbcdn.net/safe_image.php?d=AQAKFdXEJZbEXNqJ&w=130&h=130&url=http%3A%2F%2Fa.abcnews.go.com%2Fimages%2FSite%2Fabc_default_image_me.jpg&cfs=1","2012-01-02 23:00:29"
"86680728811_10150504170703812",86680728811,"Death of 'Cheetah' the Chimp Called Into Question","Me Tarzan. You sure you're Cheetah?","The outreach director of the Suncoast Primate Sanctuary in Florida said the chimp was 80 years old when he died on Christmas Eve. Not possible,...","abcn.ws","link","published_story",100,45,0,0,0,0,0,0,0,"http://abcn.ws/u4ZwgN","https://external.xx.fbcdn.net/safe_image.php?d=AQCIsWbPTyoRQ0hD&w=130&h=130&url=http%3A%2F%2Fa.abcnews.com%2Fimages%2FSite%2Fabc_default_image_mc.jpg&cfs=1","2012-01-03 02:00:22"
"86680728811_203397423087699",86680728811,"Beyond Iowa: How Long Will This Thing Take?","If one candidate runs away with the Iowa vote, then follows with a landslide in New Hampshire, the Republican primary could be over almost as soon as it started.","Caucus time is upon us, and on Tuesday more than 100,000 Iowans will trek to their local schools, churches and community centers to kick off the GOP presidential campaign in earnest, defining the early shape of the campaign and producing 2012′s first round of winners and losers. The latest major pol...","abcnews.go.com","link","shared_story",77,76,7,0,0,0,0,0,0,"http://abcnews.go.com/blogs/politics/2012/01/beyond-iowa-how-long-will-this-thing-take/","https://external.xx.fbcdn.net/safe_image.php?d=AQCSLDmWHa4kuBic&w=112&h=112&url=http%3A%2F%2Fa.abcnews.com%2Fimages%2FPolitics%2Fabc_pol_santorum_tapper_120102_wl.jpg&cfs=1&sx=3&sy=0&sw=112&sh=112","2012-01-03 12:26:41"
"86680728811_245917432144354",86680728811,"Santorum on Romney: 'We Cannot Put Up A Presidential Candidate' Who Is Same as Obama on Health Care","George Stephanopoulos speaks with Rick Santorum on Good Morning America with less than 12 hours until the Iowa caucuses.","Rick Santorum’s top opponent in Iowa is Mitt Romney and Santorum's biggest argument against a President Romney is health care.","abcnews.go.com","link","shared_story",98,120,10,0,0,0,0,0,0,"http://abcnews.go.com/blogs/politics/2012/01/rick-santorum-on-mitt-romney-we-cannot-put-up-a-presidential-candidate-who-is-same-as-obama-on-healthcare/","https://external.xx.fbcdn.net/safe_image.php?d=AQAz2mLP9rdPv5Sw&w=130&h=130&url=http%3A%2F%2Fabcnews.go.com%2Fimages%2FPolitics%2Fap_rick_santorum_jef_120103_wblog.jpg&cfs=1&sx=209&sy=0&sw=269&sh=269","2012-01-03 15:11:59"
"86680728811_321238141231343",86680728811,"Men's Mag or Rapist? Study Claims Few Can Tell","See if you can guess the source of the quotes.","What do men’s magazines and convicted rapists have in common? How they describe women, a British study has found.","abcnews.go.com","link","shared_story",77,49,45,0,0,0,0,0,0,"http://abcnews.go.com/blogs/health/2012/01/03/mens-mag-or-rapist-study-claims-few-can-tell/","https://external.xx.fbcdn.net/safe_image.php?d=AQCXesz-eVEWK7Bo&w=112&h=112&url=http%3A%2F%2Fa.abcnews.com%2Fimages%2FGMA%2Fabc_gma_sexystars_120103_wl.jpg&cfs=1&sx=45&sy=0&sw=112&sh=112","2012-01-03 16:49:30"
"86680728811_299138900123092",86680728811,"4 Dead in Coronado Shooting of Navy Pilots","A shooting in Coronado, California left four people dead, including two Navy pilots and one of their sisters.","Apparent murder-suicide claims lives of two Navy pilots, sister, unknown man.","abcnews.go.com","link","shared_story",88,77,103,0,0,0,0,0,0,"http://abcnews.go.com/US/coronado-california-shooting-kills-including-navy-pilots-sister/story?id=15279797","https://external.xx.fbcdn.net/safe_image.php?d=AQBjdxb7I2MMMcm_&w=116&h=116&url=http%3A%2F%2Fa.abcnews.go.com%2Fimages%2FUS%2Fap_david_reis_karen_dm_120103_me.jpg&cfs=1&sx=16&sy=0&sw=116&sh=116","2012-01-03 17:52:57"
"86680728811_313660015341202",86680728811,"Iowa Caucus: What Actually Happens?","Why does Iowa get to go first? And why no ballot boxes in a Caucus? We explain.","When caucusgoers show up tonight, what will they actually vote for? And how do the caucuses work?","abcnews.go.com","link","shared_story",48,52,22,0,0,0,0,0,0,"http://abcnews.go.com/blogs/politics/2012/01/iowa-caucus-what-actually-happens/","https://external.xx.fbcdn.net/safe_image.php?d=AQDvPyyPyyKq0kPa&w=112&h=112&url=http%3A%2F%2Fa.abcnews.com%2Fimages%2FGMA%2Fabc_gma_voicevote_120103_wl.jpg&cfs=1&sx=41&sy=0&sw=112&sh=112","2012-01-03 18:53:56"
"86680728811_203505579739770",86680728811,"Adderall Drug Shortage Will Continue in 2012, Government Officials Say","As demand for the drug grows, more and more patients have found the medication is out of stock at local pharmacies.","A contentious relationship between drug manufacturers and the Drug Enforcement Agency may cause a continuing shortage of the attention deficit medication Adderall.","abcnews.go.com","link","shared_story",58,116,75,0,0,0,0,0,0,"http://abcnews.go.com/blogs/health/2012/01/03/adderall-drug-shortage-will-continue-in-2012-government-officials-say/","https://external.xx.fbcdn.net/safe_image.php?d=AQBI_q7ccBde9c92&w=130&h=130&url=http%3A%2F%2Fa.abcnews.com%2Fimages%2FWNT%2Fabc_wn_obesity_120102_wl.jpg&cfs=1","2012-01-03 21:00:53"
"86680728811_266466526748391",86680728811,"CRYSTAL BALL: Our Predictions for Iowa Results","Who will rank first tonight in Iowa? Who will rank last? Share your predictions in the comments, then compare with ours.","We’re journalists, not prognosticators. But in this business, sometimes it is just an irresistible conversation line to turn to each other and ask, ‘so, what do you think is really going to happen?’","abcnews.go.com","link","shared_story",66,128,16,0,0,0,0,0,0,"http://abcnews.go.com/blogs/politics/2012/01/crystal-ball-our-predictions-for-iowa-results/","https://external.xx.fbcdn.net/safe_image.php?d=AQC9iWWe7utVx-5q&w=130&h=130&url=http%3A%2F%2Fabcnews.go.com%2Fimages%2FPolitics%2Fgty_crystal_ball_jef_120102_wblog.jpg&cfs=1","2012-01-03 22:00:31"
"86680728811_246687145401668",86680728811,"Paul, Santorum and Romney in Three-Way Race in Iowa","Any thoughts on who will win?","Iowa caucuses began at 8 pm EST.","abcnews.go.com","link","shared_story",65,303,15,0,0,0,0,0,0,"http://abcnews.go.com/Politics/iowa-caucus-paul-santorum-romney-race/story?id=15283406","https://external.xx.fbcdn.net/safe_image.php?d=AQBY0xCiV6HqVmrU&w=130&h=130&url=http%3A%2F%2Fa.abcnews.go.com%2Fimages%2FPolitics%2Fap_santorum_romney_nt_111018_me.jpg&cfs=1","2012-01-04 01:12:54"
"86680728811_318447988188150",86680728811,"Early 'Entrance' Polls: Romney Seen Most Electable; Paul Wins Independents; Strong Conservatives Lik","Any surprises here?","The first “entrance” polls are in from the Iowa caucuses, and they show that among the top tier of candidates, Mitt Romney is viewed as the most electable, Ron Paul is winning independents, and Rick Santorum is a favorite among voters who say they’re very conservative.","abcnews.go.com","link","shared_story",64,76,14,0,0,0,0,0,0,"http://abcnews.go.com/blogs/politics/2012/01/the-early-entrance-polls-romney-seen-as-most-electable-paul-wins-independents-strong-conservatives-like-santorum/","https://external.xx.fbcdn.net/safe_image.php?d=AQBo4c5pBHZaORqw&w=112&h=112&url=http%3A%2F%2Fa.abcnews.com%2Fimages%2FPolitics%2Fabc_pol_tapper_santorum_120103_wl.jpg&cfs=1&sx=46&sy=0&sw=112&sh=112","2012-01-04 01:42:06"
"86680728811_273128566076313",86680728811,"OTUS News","Mitt Romney and Rick Santorum are battling for 1st at Iowa caucuses with a razor thin margin.","NULL","abcnews.go.com","link","shared_story",77,119,17,0,0,0,0,0,0,"http://abcnews.go.com/Politics/OTUS/","https://external.xx.fbcdn.net/safe_image.php?d=AQBugneytfszEIkZ&w=130&h=130&url=http%3A%2F%2Fa.abcnews.com%2Fassets%2Fimages%2Fpolitics%2Fotus%2Fstatic%2Fotus_news_fb_share_logo.jpg%3Fv%3D2&cfs=1","2012-01-04 04:26:34"
"86680728811_324909930864518",86680728811,"8 Votes: Romney Edges Santorum in Iowa","Breaking News: Iowa GOP Announces Mitt Romney as Winner of Iowa Caucuses by 8 Votes","Ron Paul in strong third place finish.","abcnews.go.com","link","shared_story",167,172,37,0,0,0,0,0,0,"http://abcnews.go.com/Politics/iowa-caucus-results-mitt-romney-defeats-rick-santorum-8-votes/story?id=15283406","https://external.xx.fbcdn.net/safe_image.php?d=AQC8eX2nuCsqAw9Z&w=130&h=130&url=http%3A%2F%2Fa.abcnews.go.com%2Fimages%2FPolitics%2Fgty_mitt_romney_rick_santorum_wy_120103_me.jpg&cfs=1","2012-01-04 08:03:33"
"86680728811_334791739872007",86680728811,"Video: 'Bonnie and Clyde' Fugitives Surrender in Nevada","Police say the duo stole a car in Utah before murdering a retired couple.","Logan McFarland, 24, and Angela Atwood, 25, are suspected of murder.","abcnews.go.com","video","shared_story",104,134,74,0,0,0,0,0,0,"http://abcnews.go.com/US/video/bonnie-clyde-fugitives-surrender-nevada-15286350","https://external.xx.fbcdn.net/safe_image.php?d=AQB3OZj4TM_5I2h3&w=116&h=116&url=http%3A%2F%2Fa.abcnews.go.com%2Fimages%2FUS%2Fabc_gma_fugitives_120104_me.jpg&cfs=1&sx=25&sy=0&sw=116&sh=116","2012-01-04 14:33:50"
"86680728811_247298975343706",86680728811,"Watch Live: Michele Bachmann to Suspend Campaign","Michele Bachmann is suspending her campaign, watch her speak live starting now.","Watch live news stream from ABC News.","abcnews.go.com","link","shared_story",291,148,49,0,0,0,0,0,0,"http://abcnews.go.com/Politics/video/live-news-6046305","https://external.xx.fbcdn.net/safe_image.php?d=AQBfgkFGhjwLIIsh&w=130&h=130&url=http%3A%2F%2Fa.abcnews.go.com%2Fimages%2FPolitics%2Fabc_Live_Stream_Kaltura_111025_me.jpg&cfs=1","2012-01-04 15:58:46"
"86680728811_144986465614666",86680728811,"Michele Bachmann Drops Out of Presidential Race","Rep. Michele Bachmann has suspended her presidential campaign after placing last in Tuesday’s Iowa Republican caucuses.","“Last night, the people of Iowa spoke with a very clear voice, so I have decided to stand aside,” Bachmann said.","abcnews.go.com","link","shared_story",490,197,61,0,0,0,0,0,0,"http://abcnews.go.com/blogs/politics/2012/01/bachmann-drops-out-of-presidential-race/","https://external.xx.fbcdn.net/safe_image.php?d=AQCNLeVOPg67g_Qf&w=130&h=130&url=http%3A%2F%2Fabcnews.go.com%2Fimages%2FPolitics%2Fap_michele_bachmann_campaign_wy_120104_wblog.jpg&cfs=1&sx=198&sy=0&sw=269&sh=269","2012-01-04 17:13:29"
"86680728811_327380157286457",86680728811,"Rick Perry Moves Forward, 'Here We Come South Carolina'","The hiatus is off, Perry is back in and eyeballing South Carolina.","Rick Perry today hinted that he has no plans to end his campaign, one day after a crushing fifth-place finish in the Iowa caucuses, which prompted the Texas governor to announce a brief hiatus for reassessment.","abcnews.go.com","link","shared_story",83,109,24,0,0,0,0,0,0,"http://abcnews.go.com/blogs/politics/2012/01/rick-perry-moves-forward-here-we-come-south-carolina/","https://external.xx.fbcdn.net/safe_image.php?d=AQAPKFjxIpo7zulR&w=130&h=130&url=http%3A%2F%2Fabcnews.go.com%2Fimages%2FPolitics%2Fap_Rick_Perry_New_Hampshire_jt_111001_main.jpg&cfs=1","2012-01-04 18:38:22"
"86680728811_123380537780227",86680728811,"Steelers Safety Sidelined by Sickle Cell Trait","Pittsburgh Steelers safety Ryan Clark will not play in Sunday’s playoff game against the Denver Broncos because of a blood disorder bolstered by high-altitude, low-oxygen conditions.","Steelers safety Ryan Clark will watch Sunday's game in Denver from the sidelines.","abcnews.go.com","link","shared_story",73,50,46,0,0,0,0,0,0,"http://abcnews.go.com/blogs/health/2012/01/04/steelers-safety-sidelined-by-sickle-cell-trait/","https://external.xx.fbcdn.net/safe_image.php?d=AQB-S57es6x6AW8F&w=130&h=130&url=http%3A%2F%2Fabcnews.go.com%2Fimages%2FHealth%2Fgty_steelers_ryan_clark_jp_120104_wblog.jpg&cfs=1&sx=198&sy=0&sw=269&sh=269","2012-01-04 19:35:17"
"86680728811_144399019005830",86680728811,"McCain Hopes for 'Overwhelming Vote' for Romney","Do you think John McCain's endorsement can push Romney over the top in New Hampshire?","Fresh off his win in Tuesday night’s Iowa caucuses, Mitt Romney arrived in New Hampshire today to a warm welcome from Sen. John McCain, who made his endorsement official.","abcnews.go.com","link","shared_story",111,275,20,0,0,0,0,0,0,"http://abcnews.go.com/blogs/politics/2012/01/mccain-hopes-for-overwhelming-vote-for-romney/","https://external.xx.fbcdn.net/safe_image.php?d=AQDdHEZ2hVSwLt0s&w=112&h=112&url=http%3A%2F%2Fa.abcnews.com%2Fimages%2FPolitics%2Fabc_romney_mccain_120104_wl.jpg&cfs=1&sx=88&sy=0&sw=112&sh=112","2012-01-04 20:38:31"
"86680728811_193512637411477",86680728811,"Teen Mom Kills Intruder After 911 Call","The mother went through with it after her 911 operator gave her the okay to shoot.","Teen mom shot and killed intruder to protect her three-month-old baby.","abcnews.go.com","link","shared_story",1702,485,495,0,0,0,0,0,0,"http://abcnews.go.com/US/okla-woman-shoots-kills-intruder911-operators-shoot/story?id=15285605","https://external.xx.fbcdn.net/safe_image.php?d=AQCDjLXF1gcxarXX&w=116&h=116&url=http%3A%2F%2Fa.abcnews.go.com%2Fimages%2Fconnect%2Fabc_teen_mom_kills_intruder_dm_120104_me.jpg&cfs=1&sx=34&sy=0&sw=116&sh=116","2012-01-04 21:58:08"
"86680728811_137506489698467",86680728811,"Cops Shot Teen Armed With Pellet Gun","Who's at fault here?","Pellet gun looked like a real weapon and student would not put it down.","abcnews.go.com","link","shared_story",102,436,99,0,0,0,0,0,0,"http://abcnews.go.com/US/eighth-grader-shot-cops-pellet-gun/story?id=15289416","https://external.xx.fbcdn.net/safe_image.php?d=AQCel26e5s_2iIrk&w=130&h=130&url=http%3A%2F%2Fa.abcnews.go.com%2Fimages%2FUS%2Fap_texas_student_shot_tk_120104_me.jpg&cfs=1","2012-01-05 00:21:28"
"86680728811_349981985019413",86680728811,"Groaning Saddles: Horse Industry Supersizes","Poor horses.","In the rugged cowboy country of western Colorado, master saddle maker Bob Klenda has noticed a troublesome trend since he started stitching leather in 1961: The typical horseback rider has a much bigger posterior.","abcnews.go.com","link","shared_story",106,38,82,0,0,0,0,0,0,"http://abcnews.go.com/blogs/headlines/2012/01/groaning-saddles-horse-industry-supersizes/","NULL","2012-01-05 01:13:08"
"86680728811_306473309391586",86680728811,"Conn. Home Invasion Survivor William Petit Engaged to Photographer","NULL","Petit's wife and daughters were killed in a Connecticut home invasion in 2007.","abcnews.go.com","link","shared_story",219,110,18,0,0,0,0,0,0,"http://abcnews.go.com/US/william-petit-engaged-photographer-christine-paluf/story?id=15290928","https://external.xx.fbcdn.net/safe_image.php?d=AQAuTFUdfS3jT6AJ&w=116&h=116&url=http%3A%2F%2Fa.abcnews.go.com%2Fimages%2FUS%2Fap_william_petit_engaged_nt_120104_me.jpg&cfs=1&sx=0&sy=0&sw=116&sh=116","2012-01-05 03:00:10"
"86680728811_273040582755075",86680728811,"Can Rick Santorum Maintain His Momentum?","Two of Santorum‘s most obvious disadvantages moving forward are money and infrastructure, especially compared to front-runner and main rival Mitt Romney.","The Iowa caucuses Tuesday elevated Rick Santorum, once a virtual unknown, into the national spotlight.","abcnews.go.com","link","shared_story",69,114,7,0,0,0,0,0,0,"http://abcnews.go.com/blogs/politics/2012/01/can-rick-santorum-maintain-his-momentum/","https://external.xx.fbcdn.net/safe_image.php?d=AQDX2uT7oIatbyn-&w=130&h=130&url=http%3A%2F%2Fabcnews.go.com%2Fimages%2FPolitics%2Fgty_santorum_tk_120103_wblog.jpg&cfs=1","2012-01-05 11:33:02"
"86680728811_143685409076497",86680728811,"Death By Cat Meat: Chinese Billionaire Poisoned","Do you love cats?","Chinese police are investigating whether local billionaire tycoon Long Liyuan was killed by a poison-spiked batch of cat stew in the southern province of Guangdong.","abcnews.go.com","link","shared_story",209,205,172,0,0,0,0,0,0,"http://abcnews.go.com/blogs/headlines/2012/01/death-by-cat-meat-chinese-billionaire-poisoned/","NULL","2012-01-05 14:08:57"
"86680728811_228816550528413",86680728811,"Stolen Car Lands on California Apartment Roof","With video of the park-job.","Police in Fresno, Calif. were called to respond to a car parked squarely on the roof of an apartment building.","abcnews.go.com","link","shared_story",120,42,103,0,0,0,0,0,0,"http://abcnews.go.com/blogs/headlines/2012/01/stolen-car-lands-on-california-apartment-roof/","https://external.xx.fbcdn.net/safe_image.php?d=AQCIrX3NgVQ5jffq&w=130&h=130&url=http%3A%2F%2Fa.abcnews.com%2Fimages%2FUS%2Fap_officers_shot_utah_dm_120105_mc.jpg&cfs=1","2012-01-05 15:29:23"
"86680728811_127351304049436",86680728811,"'Human Barbie' Gives 7-Year-Old Daughter Liposuction Voucher","The holiday gift was a follow-up to Poppy’s most recent birthday present from her mum: A £6,000 voucher for breast augmentation.","The UK’s self-proclaimed “Human Barbie” gave her 7-year-old daughter an unusual stocking stuffer this Christmas: a £7,000 voucher for liposuction.","abcnews.go.com","link","shared_story",72,322,156,0,0,0,0,0,0,"http://abcnews.go.com/blogs/health/2012/01/05/human-barbie-gives-7-year-old-daughter-liposuction-voucher/","https://external.xx.fbcdn.net/safe_image.php?d=AQBeaUzagAv1R-5A&w=130&h=130&url=http%3A%2F%2Fabcnews.go.com%2Fimages%2FHealth%2Fht_poppy_sarah_human_barbie_burge_ll_120105_wblog.jpg&cfs=1","2012-01-05 16:44:36"
"86680728811_206423766115536",86680728811,"Restyled Casey Anthony Makes Video Debut","ABC News has confirmed from a source close to Anthony that the video was genuine. Video via Good Morning America.","Casey Anthony talks about her new pet dog, but doesn't mention daughter Caylee.","abcnews.go.com","link","shared_story",88,428,106,0,0,0,0,0,0,"http://abcnews.go.com/US/casey-anthony-makes-appearance-video-diary/story?id=15295329","https://external.xx.fbcdn.net/safe_image.php?d=AQBgwnCRFv0ffTDB&w=116&h=116&url=http%3A%2F%2Fa.abcnews.go.com%2Fimages%2FNews%2Fabc_casey_anthony_video_dm_120105_me.jpg&cfs=1&sx=23&sy=0&sw=116&sh=116","2012-01-05 17:52:01"
"86680728811_147327872045342",86680728811,"Death of Allergic Student Raises Questions About School's Responsibility","Do you think the school responded appropriately?","Ammaria Johnson, 7, died at school after an allergic reaction.","abcnews.go.com","link","shared_story",114,243,146,0,0,0,0,0,0,"http://abcnews.go.com/Health/AllergiesFood/year-virginia-girl-dies-allergic-reaction-school/story?id=15295949","https://external.xx.fbcdn.net/safe_image.php?d=AQAY9NZzL6e8upc6&w=116&h=116&url=http%3A%2F%2Fa.abcnews.go.com%2Fimages%2FHealth%2Fabc_ammaria_johnson_jef_120105_me.jpg&cfs=1&sx=20&sy=0&sw=116&sh=116","2012-01-05 19:15:32"
"86680728811_206795509414151",86680728811,"IRS Extends 2011 Tax Filing Date","This year only, you have until April 17th to file.","The IRS said Wednesday that taxpayers will have two extra days this year to file their 2011 returns.","abcnews.go.com","link","shared_story",149,55,125,0,0,0,0,0,0,"http://abcnews.go.com/blogs/business/2012/01/irs-extends-2011-tax-filing-date/","https://external.xx.fbcdn.net/safe_image.php?d=AQAwcd4AV8tntPjT&w=112&h=112&url=http%3A%2F%2Fa.abcnews.com%2Fimages%2FWNT%2Fabc_wn_kardashian_120104_wl.jpg&cfs=1&sx=54&sy=0&sw=112&sh=112","2012-01-05 21:09:23"
"86680728811_106744699446613",86680728811,"Video: Busiest Man in TV,  'This Week with George Stephanopoulos'","What does George do to unwind after a pre-dawn work week schedule at GMA?  Well... he hosts This Week.","See the whole picture with George Stephanopoulos every Sunday.","abcnews.go.com","video","shared_story",171,67,14,0,0,0,0,0,0,"http://abcnews.go.com/ThisWeek/video/week-george-stephanopoulos-15299793","https://external.xx.fbcdn.net/safe_image.php?d=AQA0OxISPNCQKt9a&w=116&h=116&url=http%3A%2F%2Fa.abcnews.com%2Fimages%2FThisWeek%2Fabc_tw_promo_120105_me.jpg&cfs=1&sx=0&sy=0&sw=116&sh=116","2012-01-05 22:09:45"
"86680728811_164818063625082",86680728811,"Cat Survives 2 Rounds in Gas Chamber, but Can't Change City Policy","NULL","The Salt Lake Tribune/Djamila Grossman/AP Photo A stray cat in Utah’s will to survive was enough to let it live out the rest of its nine lives with an adopted family, but not enough to change the animal euthanasia policy in the town where it lives. Officials at the West Valley City Animal Shelter in...","abcnews.go.com","link","shared_story",200,119,156,0,0,0,0,0,0,"http://abcnews.go.com/blogs/headlines/2012/01/cat-survives-2-rounds-in-gas-chamber-but-cant-change-city-policy/","https://external.xx.fbcdn.net/safe_image.php?d=AQBQ_yDz23Z3JiVR&w=130&h=130&url=http%3A%2F%2Fabcnews.go.com%2Fimages%2FNews%2Fap_andrea_cat_survives_euthanasia_ll_120105_wblog.jpg&cfs=1","2012-01-05 23:32:46"
"86680728811_288241524556565",86680728811,"Mitt Romney Ripped for DREAM Act Veto Threat, Alienates Some Latinos","The bill would provide a path to citizenship to some undocumented children of immigrants who attend college or serve in the military.","CHICAGO – Largely lost in the build-up to the Iowa caucuses was a moment that could ultimately prove decisive in this year’s presidential election: Mitt Romney’s threat to veto the DREAM Act, a bill that would provide a path to citizenship to some undocumented children of immigrants who attend colle...","abcnews.go.com","link","shared_story",116,168,30,0,0,0,0,0,0,"http://abcnews.go.com/blogs/politics/2012/01/mitt-romney-ripped-for-dream-act-veto-alienates-some-latinos/","NULL","2012-01-06 00:12:27"
"86680728811_230043413737654",86680728811,"Are Equinox Ad Models 'Too Skinny'?","Are the models getting too thin?","(Equinox Fitness) Equinox Fitness, a national gym chain headquartered in New York, is getting hit with criticism from members and the media for ads that feature models who are “skinny” instead of “healthy and fit.” The ad campaign is Equinox’s second set by fashion photographer Terry Richardson. In ...","abcnews.go.com","link","shared_story",133,166,14,0,0,0,0,0,0,"http://abcnews.go.com/blogs/business/2012/01/are-equinox-ad-models-too-skinny/","https://external.xx.fbcdn.net/safe_image.php?d=AQD1BPNKSAJiE5hC&w=130&h=130&url=http%3A%2F%2Fabcnews.go.com%2Fimages%2FBusiness%2Fht_equinox_advertisement_thg_120105_wblog.jpg&cfs=1&sx=209&sy=0&sw=269&sh=269&l","2012-01-06 00:54:50"
"86680728811_273863399341329",86680728811,"Santorum Booed After Gay Marriage Exchange","Rick Santorum was booed after a lengthy back-and-forth with several students in Concord, N.H., on the issue of same-sex marriage.","Rick Santorum was booed after a lengthy back-and-forth with several students in Concord, N.H., on the issue of same-sex marriage, which is legal in New Hampshire.  As Santorum addressed a group of college students, one asked him how same-sex marriage affects him personally and why not have legal sam...","abcnews.go.com","link","shared_story",375,379,111,0,0,0,0,0,0,"http://abcnews.go.com/blogs/politics/2012/01/rick-santorum-gets-booed-after-heated-back-and-forth-on-same-sex-marriage-at-new-hampshire-college-event/","NULL","2012-01-06 01:39:13"
"86680728811_194146310681582",86680728811,"Man, 84, Shoots Elderly Intruder","An 84-year-old Ohio man killed an intruder who entered his house without knowing that the 74-year-old man suffered from Alzheimer's and was confused about his whereabouts.","Charles Foster did not know that Ed Stevens suffered from dementia.","abcnews.go.com","link","shared_story",187,303,141,0,0,0,0,0,0,"http://abcnews.go.com/US/ohio-man-84-fatally-shoots-intruder-suffered-alzheimers/story?id=15299547","https://external.xx.fbcdn.net/safe_image.php?d=AQBIqWzGaf_u_sQA&w=130&h=130&url=http%3A%2F%2Fa.abcnews.go.com%2Fimages%2FUS%2Fabc_man_shoots_alzheimers_intruder_thg_120105_me.jpg&cfs=1","2012-01-06 02:22:48"
"86680728811_334137636605758",86680728811,"Addicted to Food? Put Your Brain in 'Diet Rehab'","NULL","ABC’s Juju Chang and Erin Brady report: At 30, Kaylea Moss said she began to fear she was eating herself to death. Weighing in at 242 pounds, Moss said she routinely ate an entire box of pasta in a day, or heaping scoops of white rice and beans, and was constantly snacking on fatty foods — onion rin...","abcnews.go.com","link","shared_story",163,57,75,0,0,0,0,0,0,"http://abcnews.go.com/blogs/lifestyle/2012/01/addicted-to-food-put-your-brain-in-diet-rehab-2/","https://external.xx.fbcdn.net/safe_image.php?d=AQCQpN-snET0YREq&w=130&h=130&url=http%3A%2F%2Fabcnews.go.com%2Fimages%2FHealth%2Fabc_rehab_diet_nt_120104_wblog.jpg&cfs=1","2012-01-06 03:05:03"
"86680728811_290992887618533",86680728811,"Dec.Jobless Rate Falls to 8.5 Percent","The latest job numbers are in from December and they did not under perform. Are you bracing for holiday hire backlash?","More good news for the economy.","abcnews.go.com","link","shared_story",94,96,20,0,0,0,0,0,0,"http://abcnews.go.com/Business/MadeInAmerica/december-jobless-rate-falls-85-percent/story?id=15300534","https://external.xx.fbcdn.net/safe_image.php?d=AQDQlf_fqTjrJnbT&w=130&h=130&url=http%3A%2F%2Fa.abcnews.go.com%2Fimages%2FBusiness%2Fgty_job_fair_jef_120105_me.jpg&cfs=1","2012-01-06 13:59:14"
"86680728811_220867567996577",86680728811,"200 Million People Use Illicit Drugs, Study Finds","Ever wonder just how many people use illicit drugs, the world over? The figure represents about one in 20 people.","Roughly 200 million people worldwide use illicit drugs such as marijuana, amphetamines, cocaine and opioids each year, according to a new study.","abcnews.go.com","link","shared_story",120,148,98,0,0,0,0,0,0,"http://abcnews.go.com/blogs/health/2012/01/06/200-million-people-use-illicit-drugs-study-finds/","https://external.xx.fbcdn.net/safe_image.php?d=AQCPWekP5q-0JSlO&w=130&h=130&url=http%3A%2F%2Fa.abcnews.com%2Fimages%2FWNT%2Fabc_wn_besser_120105_wl.jpg&cfs=1","2012-01-06 15:12:16"
"86680728811_229967750415048",86680728811,"Kodak Near Bankruptcy: How Did Film Giant Fall?","In 1996, Kodak stock reached $80 per share; today, it traded for less than 50 cents.","Film giant near bankruptcy in digital age.","abcnews.go.com","link","shared_story",102,144,131,0,0,0,0,0,0,"http://abcnews.go.com/Technology/eastman-kodak-bankruptcy-filing-move-photography-printing-companies/story?id=15298236","https://external.xx.fbcdn.net/safe_image.php?d=AQClgmu7JFxRG5fU&w=130&h=130&url=http%3A%2F%2Fa.abcnews.go.com%2Fimages%2FTechnology%2Fgty_kodak_film_jef_120105_me.jpg&cfs=1","2012-01-06 17:11:17"
"86680728811_318196588221287",86680728811,"Stop! That's Money, Not Junk Mail","Ten million settlements are being sent out, have you received one?","Millions of people are receiving checks from a currency antitrust settlement.","abcnews.go.com","link","shared_story",222,114,215,0,0,0,0,0,0,"http://abcnews.go.com/Business/10-million-credit-card-holders-receive-settlement-checks/story?id=15304436","https://external.xx.fbcdn.net/safe_image.php?d=AQAkpRkLxH1q2uE2&w=130&h=130&url=http%3A%2F%2Fa.abcnews.go.com%2Fimages%2FBusiness%2Fgty_credit_card_check_jp_120106_me.jpg&cfs=1","2012-01-06 18:14:22"
"86680728811_321762984513844",86680728811,"Dog, Buried by Avalanche That Killed Master, Walks Four Days to Safety","With video of the impregnable pooch.","A dog, presumed dead after being buried by an avalanche was back at home in Bozeman, Mont., after digging himself out and walking to a nearby town.","abcnews.go.com","link","shared_story",348,40,123,0,0,0,0,0,0,"http://abcnews.go.com/blogs/headlines/2012/01/dog-buried-by-avalanche-that-killed-master-walks-four-days-to-safety/","https://external.xx.fbcdn.net/safe_image.php?d=AQA8y2iueCV-HEqo&w=130&h=130&url=http%3A%2F%2Fa.abcnews.com%2Fimages%2Fconnect%2Fabc_teen_mom_kills_intruder_dm_120104_mc.jpg&cfs=1","2012-01-06 19:39:19"
"86680728811_301618509875998",86680728811,"New Hampshire Debate Saturday: What Would You Ask the Candidates?","What do you want Diane Sawyer and George Stephanopoulos to ask the candidates?","We want your questions! Leave them below or on our linked mailform. The debate airs on ABC, ABCNews.com and YahooNews.com at 9pm ET, Saturday Jan 7.","abcnews.go.com","link","shared_story",69,263,13,0,0,0,0,0,0,"http://abcnews.go.com/Politics/mailform?id=15279719","https://external.xx.fbcdn.net/safe_image.php?d=AQBrTQxMBzF5igm2&w=130&h=130&url=http%3A%2F%2Fa.abcnews.go.com%2Fimages%2FPolitics%2Fabc_new_hampshire_republican_sponsor_wn.jpg&cfs=1","2012-01-06 21:30:58"
"86680728811_326319487389959",86680728811,"U.S. Navy Rescues Iranians From Pirates","The Iranian crew had been forced to help the pirates carry out operations before the U.S. Navy saved them.","Iranian sailors had been held hostage in Arabian Sea for weeks, Navy says.","abcnews.go.com","link","shared_story",292,96,127,0,0,0,0,0,0,"http://abcnews.go.com/Blotter/us-navy-rescues-iranians-pirates/story?id=15305457","https://external.xx.fbcdn.net/safe_image.php?d=AQB5FyfTKUVCdtXF&w=130&h=130&url=http%3A%2F%2Fa.abcnews.go.com%2Fimages%2FBlotter%2Fht_somali_pirates_close_nt_120106_me.jpg&cfs=1","2012-01-06 22:47:18"
"86680728811_170226863078335",86680728811,"Colorado Student Banned from Yearbook Over Racy Photo","Do you think the photo is too racy?","A Colorado teenager whose yearbook picture was rejected for being too revealing is vowing to fight the ban with her high school’s administration, but the editors of the yearbook insist it was their decision alone on the photo. The five student editors of the Durango High School yearbook in Durango, ...","abcnews.go.com","link","shared_story",140,393,68,0,0,0,0,0,0,"http://abcnews.go.com/blogs/headlines/2012/01/colorado-student-banned-from-yearbook-over-racy-photo/","NULL","2012-01-06 23:24:57"
"86680728811_345175372176537",86680728811,"'Job Killer': President Obama Guilty, or Innocent?","NULL","Whichever way you slice it, the U.S. economy has now been creating jobs for 22 consecutive months. But you wouldn’t know it from the rhetoric Republican presidential candidates have been spouting on the trail. “This president has been on the attack and has been a job killer,” GOP frontrunner Mitt Ro...","abcnews.go.com","link","shared_story",144,314,64,0,0,0,0,0,0,"http://abcnews.go.com/blogs/politics/2012/01/job-killer-obama-guilty-or-innocent/","https://external.xx.fbcdn.net/safe_image.php?d=AQDlmz-XUiQKSB8O&w=130&h=130&url=http%3A%2F%2Fabcnews.go.com%2Fimages%2FPolitics%2Fgty_barack_obama_nt_120106_wblog.jpg&cfs=1&sx=95&sy=0&sw=269&sh=269","2012-01-07 00:27:22"
"86680728811_301023293267986",86680728811,"Fast Food Chain Launches 'Star Wars'-Themed Vader Burger","Would you try this burger?","Star Wars fans rejoice. You will now be able to enjoy your favorite side of the force in a whole knew way, by eating it in burger form. There’s only one problem, you’ll have to fly to France to do it. French fast food chain Quick recently announced the introduction of two new burgers, the Jedi Burge...","abcnews.go.com","link","shared_story",209,135,182,0,0,0,0,0,0,"http://abcnews.go.com/blogs/entertainment/2012/01/fast-food-chain-launches-star-wars-themed-vader-burger/","https://external.xx.fbcdn.net/safe_image.php?d=AQAtJNZV5904UpS7&w=130&h=130&url=http%3A%2F%2Fa.abcnews.go.com%2Fimages%2FEntertainment%2Fht_darth_vader_burger_nt_120106_wblog.jpg&cfs=1","2012-01-07 01:18:34"
"86680728811_355903867758946",86680728811,"Ron Paul Returns to New Hampshire Fights Back on 'Dangerous' Label","Paul hit back at media descriptions of his ideas as out of step with Republicans and strange.","NASHUA, N.H. – After taking two days off, Ron Paul returned to the campaign trail, again hitting his GOP rivals over criticism that his foreign policy positions are “dangerous.” With pep in his step that had been lacking in the final days of Iowa, Rep. Paul, R-Texas, reminded the youthful audience o...","abcnews.go.com","link","shared_story",84,192,15,0,0,0,0,0,0,"http://abcnews.go.com/blogs/politics/2012/01/ron-paul-returns-to-new-hampshire-fights-back-on-dangerous-label/","NULL","2012-01-07 02:04:35"
"86680728811_246896215384043",86680728811,"Family Alleges Misconduct Over Abuse Allegations","On ABC 20/20 tonight: Family outraged when dad jailed, kids removed over unfounded abuse allegations.","Family outraged when dad jailed, kids removed over unfounded abuse allegations.","abcnews.go.com","link","shared_story",111,123,37,0,0,0,0,0,0,"http://abcnews.go.com/Health/michigan-family-alleges-harrowing-misconduct-prosecutors-police/story?id=15299991","https://external.xx.fbcdn.net/safe_image.php?d=AQA0aJcKYC957v_o&w=116&h=116&url=http%3A%2F%2Fa.abcnews.go.com%2Fimages%2FUS%2Fht_friendship_circle_walk_wendrows_jef_ssm_120102_me.jpg&cfs=1&sx=22&sy=0&sw=116&sh=116","2012-01-07 03:05:03"
"86680728811_10150513462813812",86680728811,"Santorum Baby Body Story: Weird? Maybe Not","Do you find Santorum's fixation on the story weird or understandable?","Psychologists say parents need rituals to grieve a preterm pregnancy loss.","abcnews.go.com","link","published_story",80,199,0,0,0,0,0,0,0,"http://abcnews.go.com/Health/rick-santorum-dead-baby-critics-lambasted-families-grieve/story?id=15306750#.TwdWC1awU00","https://external.xx.fbcdn.net/safe_image.php?d=AQChdTyzs_IesprU&w=130&h=130&url=http%3A%2F%2Fa.abcnews.go.com%2Fimages%2FPolitics%2Fap_rick_santorum_family_nt_120106_me.jpg&cfs=1","2012-01-07 11:00:16"
"86680728811_165253826915467",86680728811,"Republican Candidates Ready to Rumble in Key New Hampshire Debate","Catch the GOP NHDebate streaming live on http://abcnews.com, http://news.yahoo.com or on TV! Starts at 9pm ET tonight.","CHICAGO – With the race for the Republican presidential nomination at its most critical moment to date, only days before the crucial New Hampshire primary, the six candidates will square off Saturday night in Manchester at an ABC News/Yahoo! News/WMUR debate that has the potential to be the most exp...","abcnews.go.com","link","shared_story",61,85,9,0,0,0,0,0,0,"http://abcnews.go.com/blogs/politics/2012/01/republican-candidates-ready-to-rumble-in-key-new-hampshire-debate/","NULL","2012-01-07 12:58:18"
"86680728811_146155372163983",86680728811,"Korea's Dog Cloning Industry: Unethical?","How far would you go to preserve the memory of your pet? Would you turn to cloning?","People pays upwards of $100,000 to have their dogs cloned.","abcnews.go.com","link","shared_story",141,234,88,0,0,0,0,0,0,"http://abcnews.go.com/Technology/south-koreas-dog-cloning-industry-raises-ethical-red/story?id=15309415","https://external.xx.fbcdn.net/safe_image.php?d=AQARFuhMuJIwZkNV&w=130&h=130&url=http%3A%2F%2Fa.abcnews.go.com%2Fimages%2FTechnology%2Fht_clone_dogs_jef_120106_me.jpg&cfs=1","2012-01-07 13:55:27"
"86680728811_10150513716058812",86680728811,"24 Cases Every Candidate Should Know","How many are you familiar with?","From Marbury to Roe: Our Pick for Essential Supreme Court Rulings","abcnews.go.com","link","published_story",124,152,0,0,0,0,0,0,0,"http://abcnews.go.com/Politics/24-supreme-court-cases-presidential-candidate/story?id=15296465#.TwcNY3KwXHo","https://external.xx.fbcdn.net/safe_image.php?d=AQCvhIuGuF5UODr7&w=130&h=130&url=http%3A%2F%2Fa.abcnews.go.com%2Fimages%2FPolitics%2Fgty_supreme_court_ll_111007_me.jpg&cfs=1","2012-01-07 14:00:31"
"86680728811_10150514165278812",86680728811,"'Senior Moments' Can  Start Early, Study Finds","Have you ever had an early 'senior moment'?","New research finds that cognitive decline may begin at age 45.","abcnews.go.com","link","published_story",194,143,0,0,0,0,0,0,0,"http://abcnews.go.com/Health/cognitive-decline-starts-early-study/story?id=15300682","https://external.xx.fbcdn.net/safe_image.php?d=AQAKFdXEJZbEXNqJ&w=130&h=130&url=http%3A%2F%2Fa.abcnews.go.com%2Fimages%2FSite%2Fabc_default_image_me.jpg&cfs=1","2012-01-07 17:00:34"
"86680728811_124741340978183",86680728811,"Deported Teen Returns to U.S.","Jakadrien Turner, 15, was reunited with her family Friday night.","A lawyer plans to sue on behalf of Dallas runaway who was deported to Colombia.","abcnews.go.com","link","shared_story",286,271,76,0,0,0,0,0,0,"http://abcnews.go.com/US/jakadrien-turner-texas-runaway-returns-deportation-colombia/story?id=15311341","https://external.xx.fbcdn.net/safe_image.php?d=AQAabOCDBN9UcP00&w=116&h=116&url=http%3A%2F%2Fa.abcnews.go.com%2Fimages%2FUS%2Fap_Jakadrien_Turnder_jt_120107_me.jpg&cfs=1&sx=23&sy=0&sw=116&sh=116","2012-01-07 17:44:52"
"86680728811_279382105452978",86680728811,"Two Rings: One Lost, One Found","It's a tale of two rings, one lost and one found, both in Florida.","A $350,000 ring is missing, but another missing since the 1930s has been found.","abcnews.go.com","link","shared_story",172,42,42,0,0,0,0,0,0,"http://abcnews.go.com/US/florida-rings-lost-found/story?id=15307019","https://external.xx.fbcdn.net/safe_image.php?d=AQAg9mqKXlOGv15Z&w=130&h=130&url=http%3A%2F%2Fa.abcnews.go.com%2Fimages%2FUS%2Fht_wedding_rings_dm_120106_me.jpg&cfs=1","2012-01-07 19:41:41"
"86680728811_10150514503718812",86680728811,"22-Year-Old Pilot Makes Emergency Landing on Downtown Street","One of our most popular stories on Facebook this week.","A 22-year-old pilot who hit a power line, knocked over a street sign and had to dodge a car while landing her stricken plane on the street of...","abcnews.go.com","link","published_story",169,32,0,0,0,0,0,0,0,"http://abcnews.go.com/blogs/headlines/2012/01/22-year-old-pilot-makes-emergency-landing-on-downtown-street/","https://external.xx.fbcdn.net/safe_image.php?d=AQBsp2xCdGgY1xrS&w=130&h=130&url=http%3A%2F%2Fa.abcnews.com%2Fimages%2FInternational%2Ffb7c87916aeb46c090dec2ebaebb3280_mc.jpg&cfs=1","2012-01-07 20:00:30"
"86680728811_203908233035278",86680728811,"Lawmaker Steals Leather Pants, Brain Tumor May Be Responsible, Lawyer Says","Her lawyer said a benign brain tumor may have impaired her judgment.","A San Francisco lawmaker pleaded no contest after stealing nearly $2,500 of clothing from an upscale department store and a benign brain tumor may have impaired her judgment, her lawyer says. Democratic Assemblywoman Mary Hayashi’s lawyer says her medical condition might have played a role in her sh...","abcnews.go.com","link","shared_story",81,115,45,0,0,0,0,0,0,"http://abcnews.go.com/blogs/headlines/2012/01/lawmaker-steals-leather-pants-brain-tumor-may-be-responsible-lawyer-says/","https://external.xx.fbcdn.net/safe_image.php?d=AQBl2R2XmpNSttpn&w=130&h=130&url=http%3A%2F%2Fabcnews.go.com%2Fimages%2FUS%2Fap_Mary_Hayashi_Doug_Rappaport_jt_120107_wblog.jpg&cfs=1&sx=111&sy=0&sw=269&sh=269","2012-01-07 20:28:58"
"86680728811_346337508712506",86680728811,"Missing Pa. Man's Family Turn to Psychics for Help","“You just explore every option, and anything that can help out is worth it. It’s worth a shot,” Maureen Shields, Slack’s sister said.","Facebook ABC News’ Katti Gray reports: The relatives of a missing 25-year-old Pennsylvania man said they aren’t entirely certain they believe in psychics — only that they’re willing to use an assortment of means to locate him. James Slack, of Bridgeville, Pa. was last seen at a String Cheese Inciden...","abcnews.go.com","link","shared_story",116,63,43,0,0,0,0,0,0,"http://abcnews.go.com/blogs/headlines/2012/01/missing-pa-mans-family-turn-to-psychics-for-help/","https://external.xx.fbcdn.net/safe_image.php?d=AQB8PlP9ShbGe7cF&w=130&h=130&url=http%3A%2F%2Fabcnews.go.com%2Fimages%2FUS%2Fht_james_slack_facebook_jt_120107_vblog.jpg&cfs=1","2012-01-07 22:08:36"
"86680728811_10150514856648812",86680728811,"Cops Shot Teen Armed With Pellet Gun","One of this past week's most shared stories on ABCNews.com","Pellet gun looked like a real weapon and student would not put it down.","abcnews.go.com","link","published_story",74,126,0,0,0,0,0,0,0,"http://abcnews.go.com/US/eighth-grader-shot-cops-pellet-gun/story?id=15289416","https://external.xx.fbcdn.net/safe_image.php?d=AQCel26e5s_2iIrk&w=130&h=130&url=http%3A%2F%2Fa.abcnews.go.com%2Fimages%2FUS%2Fap_texas_student_shot_tk_120104_me.jpg&cfs=1","2012-01-07 23:00:23"
"86680728811_10150514856653812",86680728811,"New Hampshire Republican Presidential Debate on ABC","In three hours the Republican presidential hopefuls will debate on ABC. Fancy a free sticker? Check in on Get Glue and you'll get a New Hampshire debate freebie in the mail.","The only broadcast network debate in primetime before the primary airs from 9:00-11:00pm/ET(6:00-8:00pm/PT) from Saint Anselm College.","getglue.com","link","published_story",78,75,0,0,0,0,0,0,0,"http://getglue.com/tv_shows/new_hampshire_republican_presidential_debate_on_abc","https://external.xx.fbcdn.net/safe_image.php?d=AQBphqwvBVpe8-9s&w=130&h=130&url=http%3A%2F%2Fimg.getglue.com%2Ftv_shows%2Fnew_hampshire_republican_presidential_debate_on_abc%2Fsmall.jpg&cfs=1","2012-01-07 23:00:23"
"86680728811_225208010891815",86680728811,"'If Fred Got Two Beatings Per Day...' Homework Asks","Third graders in in Gwinnett County, Ga., were given math homework Wednesday that asked questions about slavery and beatings.","Third graders in in Gwinnett County, Ga., were given math homework Wednesday that asked questions about slavery and beatings. Christopher Braxton told ABC News affiliate WSB-TV in Atlanta that he couldn’t believe the assignment his 8-year-old son brought home from of Beaver Ridge Elementary school i...","abcnews.go.com","link","shared_story",153,423,413,0,0,0,0,0,0,"http://abcnews.go.com/blogs/headlines/2012/01/if-fred-got-two-beatings-per-day-homework-asks/","https://external.xx.fbcdn.net/safe_image.php?d=AQAk5to20OUqc0_7&w=130&h=130&url=http%3A%2F%2Fabcnews.go.com%2Fimages%2FUS%2Fabc_120107_abc_homework2_jt_120107_wblog.jpg&cfs=1","2012-01-07 23:21:41"
"86680728811_334277123257951",86680728811,"Dogs Use Subway, Cat Takes Bus and Other Adventures in Animal Intelligence","How do you define intelligence?","(ABC) 3 Videos Underline New Questions About What ‘Wild’ and ‘Tame’ Really Mean Nature’s Edge Notebook #12 – Observation, Analysis, Reflection, New Questions Stray dogs figure out how to use Moscow’s subway system to get downtown to neighborhoods where the food is better. For years, a house cat in E...","abcnews.go.com","link","shared_story",240,56,114,0,0,0,0,0,0,"http://abcnews.go.com/blogs/technology/2012/01/dogs-use-subway-cat-takes-bus-and-other-adventures-in-animal-intelligence/","https://external.xx.fbcdn.net/safe_image.php?d=AQCIXP0fTomlEL-r&w=130&h=130&url=http%3A%2F%2Fa.abcnews.go.com%2Fimages%2FTechnology%2Fabc_moscow_stray_dog_tk_120102_wblog.jpg&cfs=1","2012-01-08 00:49:33"
"86680728811_224980420914173",86680728811,"Watch Live: The ABC News/Yahoo News Republican Debate in New Hampshire onABC's OTUS News","Our preshow is live online, with the debate following at the top of the hour! Can't stream video? Follow our live blog posted in the comments below, or on http://twitter.com/ABC","NULL","abcnews.go.com","link","shared_story",84,412,18,0,0,0,0,0,0,"http://abcnews.go.com/Politics/OTUS/","https://external.xx.fbcdn.net/safe_image.php?d=AQBugneytfszEIkZ&w=130&h=130&url=http%3A%2F%2Fa.abcnews.com%2Fassets%2Fimages%2Fpolitics%2Fotus%2Fstatic%2Fotus_news_fb_share_logo.jpg%3Fv%3D2&cfs=1","2012-01-08 01:47:10"
"86680728811_245985282141903",86680728811,"New Hampshire Republican Presidential Debate Instant Replay: Question to Paul calls Santorum corrupt","Watch an instant replay of Ron Paul calling Rick Santorum corrupt, just moments ago at the New Hampshire debate.","NULL","snappytv.com","video","shared_story",193,385,47,0,0,0,0,0,0,"http://www.snappytv.com/snaps/question-to-ron-paul-on-santorum-ad-which-calls-santorum-cor-about-new-hampshire-republican-presidential-debate-on-abc-news","https://external.xx.fbcdn.net/safe_image.php?d=AQDNnvO5ZJt6y_GQ&w=130&h=130&url=http%3A%2F%2Fmedia.snappytv.com%2Fimage%2Fmobile%2F436-438%2Fkey_2012-01-08T02-12-24Z--320x180.jpg&cfs=1","2012-01-08 02:34:40"
"86680728811_334807393205219",86680728811,"ABC News New Hampshire Republican Debate Video","Sound off: What do you think is seeing the most bigotry, anti-gay anti-Christian movements?","NULL","abcnews.go.com","link","shared_story",93,535,16,0,0,0,0,0,0,"http://abcnews.go.com/Politics/SnappyTV/","https://external.xx.fbcdn.net/safe_image.php?d=AQCCLdlu21L9zzJg&w=130&h=130&url=http%3A%2F%2Fa.abcnews.com%2Fassets%2Fimages%2Fv2%2Fabcnews_logo_v2.png&cfs=1","2012-01-08 03:00:27"
"86680728811_245390578864250",86680728811,"New Hampshire Republican Presidential Debate on ABC News: Huntsman speaks Chinese.","Huntsman spoke Mandarin Chinese on stage tonight at the debate while tackling a potential trade war. Watch again here. How do you think it will effect his campaign?","NULL","snappytv.com","video","shared_story",147,364,40,0,0,0,0,0,0,"http://www.snappytv.com/snaps/huntsman-speaks-chinese-but-what-did-he-say-nhdebate-about-new-hampshire-republican-presidential-debate-on-abc-news","https://external.xx.fbcdn.net/safe_image.php?d=AQCvKte1SsXsYgLq&w=130&h=130&url=http%3A%2F%2Fmedia.snappytv.com%2Fimage%2Fmobile%2F436-438%2Fkey_2012-01-08T03-33-22Z--320x180.jpg&cfs=1","2012-01-08 04:00:31"
"86680728811_10150515707153812",86680728811,"Starbucks' Prices Increasing in 2012","Tall coffees and six other beverages will cost more.","Starbucks is increasing its prices in the Northeast and Sunbelt regions.","abcnews.go.com","link","published_story",125,204,0,0,0,0,0,0,0,"http://abcnews.go.com/Business/starbucks-items-cost-2012/story?id=15281485#.TwNaDjVST0s","https://external.xx.fbcdn.net/safe_image.php?d=AQDd6S2iT7yH71sw&w=130&h=130&url=http%3A%2F%2Fa.abcnews.go.com%2Fimages%2FHealth%2Fgty_starbucks_cup_111207_me.jpg&cfs=1&l","2012-01-08 11:00:18"
"86680728811_10150515965083812",86680728811,"Living to 114: New Secrets to Longevity","How long do you plan to live?","Scientific mystery: Why some live so well for so long","abcnews.go.com","link","published_story",211,159,0,0,0,0,0,0,0,"http://abcnews.go.com/Technology/living-longer-people-lived-past-114-escaped-alzheimers/story?id=15282777","https://external.xx.fbcdn.net/safe_image.php?d=AQB6PJ7i-6-ccztv&w=130&h=130&url=http%3A%2F%2Fa.abcnews.go.com%2Fimages%2FTechnology%2Fgty_Elderly_couple_thg_120103_me.jpg&cfs=1","2012-01-08 14:00:37"
"86680728811_10150516293913812",86680728811,"Bluefin Tuna Fetches Record $736K","Divided up, the nearly 600 pound tuna costs $1,238 per pound.","Shizuo Kambayashi/AP Photo If the price of premium tuna is any indication of the country’s economic state, then Japan’s finances are in good order...","abcnews.go.com","link","published_story",140,60,0,0,0,0,0,0,0,"http://abcnews.go.com/blogs/headlines/2012/01/bluefin-tuna-fetches-record-736k/","https://external.xx.fbcdn.net/safe_image.php?d=AQAIs5pgjgXUjuFK&w=130&h=130&url=http%3A%2F%2Fabcnews.go.com%2Fimages%2FInternational%2Fap_pricey_bluefin_120105_wblog.jpg&cfs=1","2012-01-08 17:05:09"
"86680728811_193808350716078",86680728811,"Body Found on Queen's Estate Identified as Missing Teen","'We are devastated by the news of Alisa's death. We wish to grieve in private,' Dmitrijeva's family said in a statement today.","The body is that of Alisa Dmitrijeva, who went missing last year.","abcnews.go.com","link","shared_story",136,90,86,0,0,0,0,0,0,"http://abcnews.go.com/International/body-found-queens-estate-identified-alisa-dmitrijeva/story?id=15316393","https://external.xx.fbcdn.net/safe_image.php?d=AQBnL-bhZ7yZw4OQ&w=116&h=116&url=http%3A%2F%2Fa.abcnews.go.com%2Fimages%2FInternational%2Fzp_alisa_dmitrijeva_dm_120106_me.jpg&cfs=1&sx=14&sy=0&sw=116&sh=116","2012-01-08 17:40:14"
"86680728811_10150516681093812",86680728811,"Look Ahead: An Early Look At New Hampshire's Primary Ballot","New Hampshire voters have a record-breaking 30 candidates to choose from on the New Hampshire ballot Tuesday.","With Iowa behind them, candidates and political enthusiasts alike are turning their eyes eastward to New Hampshire, where voters are gearing up for...","abcnews.go.com","link","published_story",67,155,0,0,0,0,0,0,0,"http://abcnews.go.com/blogs/politics/2012/01/look-ahead-an-early-look-at-new-hampshires-primary-ballot/","https://external.xx.fbcdn.net/safe_image.php?d=AQCa6ydLfTB0gr3E&w=130&h=130&url=http%3A%2F%2Fa.abcnews.com%2Fimages%2FPolitics%2Fabc_pol_romney_120103_wl.jpg&cfs=1","2012-01-08 20:00:31"
"86680728811_252955404775333",86680728811,"7 Offbeat Places to Go in 2012","NULL","Here's where you should explore this year.","abcnews.go.com","link","shared_story",172,30,78,0,0,0,0,0,0,"http://abcnews.go.com/Travel/offbeat-places-2012/story?id=15317318","https://external.xx.fbcdn.net/safe_image.php?d=AQAc76xZESfnn79H&w=130&h=130&url=http%3A%2F%2Fa.abcnews.go.com%2Fimages%2FTravel%2Fgty_Atacama_desert_Chile_jt_120108_me.jpg&cfs=1","2012-01-08 21:08:49"
"86680728811_10150517045023812",86680728811,"Cop Issues Speeding Ticket, Asks Driver for a Date and She Sues Him","A speeding ticket turned to speed dating.","A suburban Chicago police officer allegedly turned a $132 speeding ticket into a pick-up opportunity when he later tracked down the female driver...","abcnews.go.com","link","published_story",308,257,0,0,0,0,0,0,0,"http://abcnews.go.com/blogs/headlines/2012/01/cop-issues-speeding-ticket-asks-driver-for-a-date-and-is-sued/","https://external.xx.fbcdn.net/safe_image.php?d=AQC8VfRsIyjEgQNg&w=130&h=130&url=http%3A%2F%2Fabcnews.go.com%2Fblogs%2Fheadlines%2F2012%2F01%2Fcop-issues-speeding-ticket-asks-driver-for-a-date-and-is-sued%2Fno_facebook_preview_picture.jpg&cfs=1","2012-01-08 23:00:25"
"86680728811_10150517345778812",86680728811,"Can a Court Make You Give Up Your Password?","Do you think court mandated password relinquishment is a violation of your Fifth Amendment rights?","Can the government force you to give up your password in the course of an investigation against you?","abcnews.go.com","link","published_story",146,277,0,0,0,0,0,0,0,"http://abcnews.go.com/blogs/technology/2012/01/can-a-court-make-you-give-up-your-password/","https://external.xx.fbcdn.net/safe_image.php?d=AQCbhj0Oyu_WPxTE&w=130&h=130&url=http%3A%2F%2Fa.abcnews.com%2Fimages%2FTechnology%2Fabc_atm_techbytes_120105_mc.jpg&cfs=1","2012-01-09 02:00:25"
"86680728811_158014300973986",86680728811,"'Internet Censorship'? Or Saving Jobs?","The first item currently on the U.S. Senate's agenda for 2012 pits Hollywood against Silicon Valley.","Would websites like Google, Facebook and Twitter go dark to protest?","abcnews.go.com","link","shared_story",63,46,46,0,0,0,0,0,0,"http://abcnews.go.com/Technology/internet-censorship-sopa-pipa-bills-congress-websites-dark/story?id=15309498","https://external.xx.fbcdn.net/safe_image.php?d=AQD3NbIAoGanRx-G&w=130&h=130&url=http%3A%2F%2Fa.abcnews.go.com%2Fimages%2FTechnology%2Fgty_internet_censorship_jt_120108_me.jpg&cfs=1","2012-01-09 11:53:38"